name,local_id,design_round,source_tag,cys_free_redesign,variant,n_mut,effective,null_substitution,structurally_broken,dG_bind_lo,dG_bind_lo_sem,E_mono_lo,E_mono_lo_sem,net_charge_lo,prot_lo,dG_bind_hi,dG_bind_hi_sem,E_mono_hi,E_mono_hi_sem,net_charge_hi,prot_hi,dE_mono,ddG_bind,d_net_charge
pHsel-03,R5_02,5,r5_shard12_nf409_t2_a436_r056_L5_10_model_16_s5,0,parent,0,none,0,0,-47.63,0.42,-406.52,0.91,-13.0,A24=0.00;A36=0.00;A49=1.00;A84=1.00;A99=0.25;B54=1.00,-45.84,0.47,-406.38,1.28,-13.0,A24=0.00;A36=0.00;A49=0.00;A84=0.62;A99=0.00;B54=0.62,0.14,1.79,0.0
pHsel-05,R5_03,5,r5_shard18_nf409_t2_a436_r040_L5_0_model_7_s3,0,parent,0,none,0,0,-43.14,0.61,-308.18,1.18,-8.0,A24=0.00;A36=0.00;A49=1.00;A84=0.38;A99=1.00;B34=0.00;B45=1.00,-39.07,0.73,-308.0,1.21,-8.0,A24=0.00;A36=0.00;A49=0.00;A84=0.00;A99=1.00;B34=0.00;B45=0.00,0.18,4.07,0.0
pHsel-06,R5_04,5,r5_shard19_nf409_t2_a436_r042_L5_5_model_5_s1,0,parent,0,none,0,0,-46.16,1.91,-305.23,2.55,-9.0,A24=0.00;A36=1.00;A49=1.00;A84=0.50;A99=0.00;B41=1.00,-45.69,1.67,-306.5,2.25,-9.0,A24=0.00;A36=0.00;A49=0.00;A84=0.50;A99=0.00;B41=1.00,-1.27,0.47,0.0
pHsel-07,R5_05,5,cys_R5_05_004,1,parent,0,none,0,0,-29.12,1.3,-380.83,1.94,-7.12,A24=0.00;A36=1.00;A49=1.00;A84=1.00;A99=0.62;B37=1.00;B59=1.00,-23.14,0.21,-380.06,1.77,-8.12,A24=0.00;A36=0.00;A49=0.00;A84=0.50;A99=0.00;B37=0.75;B59=1.00,0.77,5.98,-1.0
pHsel-08,R5_08,5,cys_R5_08_034,1,parent,0,none,0,0,-58.33,0.41,-378.1,0.75,-10.0,A24=0.00;A36=0.12;A49=1.00;A84=1.00;A99=1.00;B67=1.00,-52.99,0.67,-378.43,0.95,-10.0,A24=0.00;A36=0.38;A49=0.00;A84=0.50;A99=0.12;B67=0.00,-0.33,5.34,0.0
pHsel-09,R5_07,5,cys_R5_07_029,1,parent,0,none,0,0,-35.01,0.23,-333.83,1.79,-10.0,A24=0.00;A36=1.00;A49=1.00;A84=1.00;A99=0.00;B61=1.00,-32.62,0.29,-334.22,1.74,-10.0,A24=0.00;A36=0.00;A49=0.00;A84=0.25;A99=0.00;B61=1.00,-0.39,2.39,0.0
pHsel-11,R5_06,5,r5_shard01_nf409_t2_a436_r042_L5_4_model_10_s6,0,parent,0,none,0,0,-49.48,1.42,-321.62,1.07,-8.88,A24=0.00;A36=1.00;A49=1.00;A84=0.75;A99=1.00;B16=0.88;B50=1.00,-46.36,1.41,-321.61,0.45,-10.0,A24=0.00;A36=0.00;A49=0.00;A84=0.62;A99=1.00;B16=0.38;B50=1.00,0.01,3.12,-1.12
pHsel-14,R5_09,5,r5_shard16_nf409_t2_a436_r069_L5_7_model_17_s7,0,parent,0,none,0,0,-38.79,1.36,-437.16,2.48,-8.0,A24=0.00;A36=0.50;A49=1.00;A84=0.88;A99=0.75;B26=0.00;B27=0.62;B69=1.00;B118=0.00,-34.98,1.39,-437.83,3.16,-9.0,A24=0.00;A36=0.00;A49=0.00;A84=0.25;A99=0.25;B26=0.00;B27=0.38;B69=1.00;B118=0.00,-0.67,3.81,-1.0
pHsel-17,R5_10,5,r5_shard25_nf409_t2_a436_r069_L5_6_model_5_s6,0,parent,0,none,0,0,-60.37,0.3,-437.93,1.68,-10.0,A24=0.00;A36=0.75;A49=1.00;A84=0.62;A99=0.00;B67=1.00,-59.18,0.88,-437.85,1.65,-11.0,A24=0.00;A36=0.00;A49=0.00;A84=0.12;A99=0.00;B67=1.00,0.08,1.19,-1.0
