tag,variant,wt,wt_class,pos,acid,acid_aa,rel_sasa,target_dist,d_cb_acid,ros_prot_lo,ros_prot_hi,his_pka,pka_eff,d_lo,d_hi,dE_mono,dE_sem,ddG_bind,ddG_sem,dE_ala,dE_vs_ala,fold_cost_lo,bind_cost_lo,q_lo,q_hi,dq,ncpr_hi,acid_pka_max,dq_hi_formal,structurally_broken,A_ros,A_pka,B_bridge,C_fold,D_bind,all_four,all_four_pka
R3_01,E102H,GLU,acidic,102,106,GLU,0.521,17.4,5.0,0.0,0.0,6.26,59.8,4.88,5.1,-0.33,0.82,2.4,0.42,-1.07,0.74,-1.009999999999991,-0.10000000000000142,-10.64,-12.09,-1.45,-0.1099,5.25,1,0,0,0,0,0,1,0,0
R3_01,E106H,GLU,acidic,106,102,GLU,0.417,17.02,7.21,1.0,0.0,6.32,64.7,3.9,4.05,-8.69,1.88,2.32,0.23,0.35,-9.04,13.009999999999991,-0.4100000000000037,-10.61,-12.08,-1.47,-0.1098,5.22,1,0,1,0,1,0,1,0,0
R3_01,E35H,GLU,acidic,35,39,GLU,0.535,12.55,6.59,0.75,0.0,6.63,87.7,2.77,3.48,2.98,0.67,2.17,0.5,-1.4,4.38,2.599999999999966,0.18999999999999773,-10.42,-12.02,-1.6,-0.1093,5.35,1,0,0,1,1,1,1,0,1
R3_01,E98H,GLU,acidic,98,102,GLU,0.541,17.23,6.37,0.0,0.0,6.27,60.6,7.64,7.69,-1.07,1.2,2.98,0.37,0.23,-1.3,1.6399999999999864,-0.23000000000000398,-10.64,-12.09,-1.45,-0.1099,5.27,1,0,0,0,0,0,1,0,0
R3_02,A129H,ALA,neutral,129,132,GLU,0.366,14.94,5.4,0.0,0.0,6.37,68.7,5.29,5.29,0.0,0.42,1.72,1.14,,,-10.180000000000007,0.020000000000003126,-9.01,-10.2,-1.19,-0.0761,5.65,0,0,0,0,0,0,1,0,0
R3_02,A26H,ALA,neutral,26,29,ASP,0.438,14.81,6.75,0.0,0.0,6.48,77.3,6.43,6.43,-0.16,0.23,2.62,0.57,,,-12.180000000000007,-0.18999999999999773,-9.05,-10.17,-1.11,-0.0759,5.04,0,0,0,0,0,0,1,0,0
R3_02,A74H,ALA,neutral,74,70,GLU,0.546,10.96,7.01,0.12,0.0,6.33,65.5,5.57,5.57,-0.34,1.27,2.1,0.91,,,-10.0,-0.04999999999999716,-9.04,-10.2,-1.17,-0.0762,5.63,0,0,0,0,0,0,1,0,0
R3_02,R125H,ARG,ArgLys,125,122,GLU,0.471,12.09,4.86,0.0,0.0,6.46,75.7,4.66,4.65,-0.24,0.87,3.12,1.45,0.76,-1.0,-6.9599999999999795,-0.7000000000000028,-10.07,-11.17,-1.1,-0.0833,4.99,-1,0,0,0,0,0,1,0,0
R3_02,R41H,ARG,ArgLys,41,122,GLU,0.551,20.2,6.77,1.0,0.0,7.17,97.2,7.81,8.38,-4.27,1.56,2.2,0.89,-0.24,-4.029999999999999,-4.2999999999999545,-0.25,-9.72,-10.94,-1.21,-0.0816,4.95,-1,0,1,1,0,0,1,0,0
R3_03,E103H,GLU,acidic,103,107,GLU,0.446,22.32,6.07,0.0,0.0,6.23,57.4,7.61,7.6,1.65,0.71,3.6,0.96,2.16,-0.5100000000000002,1.3400000000000318,-0.10000000000000142,-5.48,-6.85,-1.37,-0.0552,5.77,1,0,0,0,0,0,1,0,0
R3_03,E104H,GLU,acidic,104,100,GLU,0.573,21.07,6.18,0.0,0.0,6.73,93.2,7.36,7.4,0.96,0.88,0.54,0.95,-2.38,3.34,1.8799999999999955,0.769999999999996,-5.2,-6.75,-1.56,-0.0545,5.78,1,0,0,1,0,0,1,0,0
R3_03,E26H,GLU,acidic,26,30,GLU,0.529,17.82,7.26,0.0,0.0,6.24,58.2,8.71,8.74,5.34,2.34,1.03,1.08,2.66,2.6799999999999997,1.3899999999999864,0.4099999999999966,-5.47,-6.84,-1.37,-0.0552,5.74,1,0,0,0,0,1,1,0,0
R3_03,E38H,GLU,acidic,38,34,GLU,0.483,13.66,6.64,0.0,0.0,6.06,44.5,5.2,5.21,2.22,1.08,2.98,1.12,1.19,1.0300000000000002,-2.1100000000000136,-0.3500000000000014,-5.55,-6.87,-1.32,-0.0554,5.82,1,0,0,0,0,1,1,0,0
R3_03,K20H,LYS,ArgLys,20,61,GLU,0.42,12.82,5.9,0.0,0.0,6.34,66.3,5.03,5.0,3.1,0.96,-2.35,1.63,1.4,1.7000000000000002,2.0500000000000114,2.9499999999999957,-7.37,-8.82,-1.46,-0.0712,5.84,-1,0,0,0,0,1,0,0,0
R3_03,K31H,LYS,ArgLys,31,107,GLU,0.363,18.67,6.59,0.25,0.0,6.4,71.1,10.69,10.09,3.94,1.83,3.99,1.21,1.62,2.32,1.170000000000016,-0.09000000000000341,-7.35,-8.82,-1.47,-0.0711,5.81,-1,0,0,0,0,1,1,0,0
R3_03,K96H,LYS,ArgLys,96,93,GLU,0.389,11.64,4.33,0.0,0.0,6.16,52.0,8.68,8.71,3.59,1.29,4.22,1.74,3.3,0.29000000000000004,1.7100000000000364,-0.5,-7.47,-8.85,-1.37,-0.0713,5.77,-1,0,0,0,0,1,1,0,0
R3_03,R111H,ARG,ArgLys,111,114,GLU,0.473,16.02,5.3,1.0,0.12,7.02,100.0,3.98,4.78,1.2,1.56,2.93,0.77,-0.54,1.74,1.0400000000000205,0.09999999999999432,-7.03,-8.65,-1.62,-0.0697,5.8,-1,0,0,1,1,0,1,0,0
R3_03,R42H,ARG,ArgLys,42,114,GLU,0.503,12.0,7.26,1.0,0.0,7.21,95.8,6.41,7.05,4.61,1.75,3.57,0.97,2.04,2.5700000000000003,0.44999999999998863,-0.480000000000004,-6.97,-8.56,-1.59,-0.069,5.78,-1,0,1,1,0,1,1,0,0
R3_04,E3H,GLU,acidic,3,7,GLU,0.487,15.56,6.57,0.0,0.0,5.97,38.3,6.92,6.93,-2.05,3.07,-0.19,0.86,1.37,-3.42,5.25,0.21999999999999886,-5.83,-7.17,-1.34,-0.0724,5.16,1,0,0,0,0,0,0,0,0
R3_04,E83H,GLU,acidic,83,86,GLU,0.352,12.71,5.01,0.0,0.0,7.04,99.8,6.77,7.36,5.21,2.44,2.15,1.11,1.91,3.3,2.6100000000000136,-2.700000000000003,-5.87,-7.17,-1.3,-0.0724,5.14,1,0,0,1,0,1,1,0,0
R3_04,R10H,ARG,ArgLys,10,14,GLU,0.381,14.94,5.57,0.25,0.0,6.81,96.6,2.96,2.96,4.04,2.29,-0.01,1.05,-1.76,5.8,-0.37999999999999545,0.10999999999999943,-7.34,-8.96,-1.62,-0.0905,5.12,-1,0,0,1,1,0,0,0,0
R3_04,R94H,ARG,ArgLys,94,91,GLU,0.365,17.31,5.14,0.0,0.0,6.46,75.7,5.94,5.95,-0.52,1.57,0.59,1.19,3.66,-4.18,4.3799999999999955,-1.3100000000000023,-7.52,-9.0,-1.49,-0.0909,5.16,-1,0,0,0,0,0,1,0,0
R3_04,S18H,SER,neutral,18,99,GLU,0.408,10.5,6.13,0.0,0.0,6.46,75.7,5.57,5.66,-1.21,1.35,-0.56,1.28,1.26,-2.4699999999999998,0.8600000000000136,-0.38000000000000256,-6.53,-8.0,-1.47,-0.0808,5.13,0,0,0,0,0,0,0,0,0
R3_06,K6H,LYS,ArgLys,6,3,GLU,0.602,11.52,5.81,1.0,0.0,7.34,89.5,8.58,9.11,8.77,1.17,3.11,0.62,3.07,5.699999999999999,-1.1500000000000057,2.3299999999999983,-4.8,-6.33,-1.53,-0.1056,5.33,-1,0,1,1,0,1,1,0,0
R3_07,A102H,ALA,neutral,102,60,GLU,0.645,16.93,7.46,0.5,0.0,6.03,42.4,8.18,8.82,-1.28,2.69,-0.66,1.28,,,2.8000000000000114,-0.060000000000002274,-7.83,-8.97,-1.14,-0.0862,4.96,0,0,0,0,0,0,0,0,0
R3_07,E4H,GLU,acidic,4,41,ASP,0.595,14.94,7.37,0.0,0.0,6.44,74.2,6.62,6.73,3.51,2.6,3.14,1.28,-0.63,4.14,1.4800000000000182,-0.2700000000000031,-6.62,-7.9,-1.28,-0.076,4.96,1,0,0,0,0,0,1,0,0
R3_07,K25H,LYS,ArgLys,25,29,ASP,0.49,10.2,4.82,1.0,0.88,7.19,96.6,2.73,4.66,-2.25,2.07,2.01,1.44,0.64,-2.89,9.689999999999998,-0.990000000000002,-8.32,-9.75,-1.43,-0.0937,4.92,-1,0,0,1,1,0,1,0,0
R3_07,R82H,ARG,ArgLys,82,86,GLU,0.422,16.86,6.38,0.62,0.0,6.13,49.7,6.54,6.24,4.0,1.99,-0.13,1.04,1.84,2.16,1.410000000000025,1.4600000000000009,-8.75,-9.9,-1.14,-0.0952,4.84,-1,0,0,0,0,1,0,0,0
R3_07,S3H,SER,neutral,3,79,GLU,0.361,17.44,4.77,0.0,0.0,6.58,84.4,8.61,8.59,2.37,1.85,-0.19,0.96,2.37,0.0,3.3999999999999773,-0.4099999999999966,-7.53,-8.88,-1.35,-0.0854,4.96,0,0,0,1,0,0,0,0,0
R4_01,E25H,GLU,acidic,25,28,GLU,0.606,14.7,4.87,0.0,0.0,6.34,66.3,4.76,4.82,2.33,1.66,2.36,1.35,-1.19,3.52,4.300000000000011,-1.1499999999999986,-7.55,-8.89,-1.35,-0.0907,5.53,1,0,0,0,0,0,1,0,0
R4_01,E81H,GLU,acidic,81,84,GLU,0.428,10.45,4.54,0.12,0.0,6.16,52.0,5.08,5.4,0.13,1.22,3.57,1.84,0.11,0.020000000000000004,2.2100000000000364,-1.1199999999999974,-7.63,-8.91,-1.28,-0.0909,5.54,1,0,0,0,0,0,1,0,0
R4_01,E92H,GLU,acidic,92,96,GLU,0.438,17.12,4.92,1.0,0.0,6.83,97.2,2.69,3.43,-1.11,1.78,5.15,2.03,0.73,-1.84,2.6200000000000045,-2.6099999999999994,-7.72,-8.97,-1.25,-0.0915,5.59,1,0,1,1,1,0,1,0,0
R4_01,R29H,ARG,ArgLys,29,25,GLU,0.685,14.44,7.24,0.0,0.0,6.4,71.1,9.26,9.22,3.98,3.2,3.77,1.36,0.22,3.76,0.8299999999999841,0.480000000000004,-9.92,-11.06,-1.14,-0.1129,5.59,-1,0,0,0,0,0,1,0,0
R4_01,R36H,ARG,ArgLys,36,33,GLU,0.592,13.29,4.84,0.0,0.0,6.42,72.6,6.15,6.08,6.0,1.56,3.99,1.2,0.24,5.76,-0.8799999999999955,-1.269999999999996,-9.47,-10.88,-1.41,-0.111,5.56,-1,0,0,0,0,1,1,0,0
R4_01,R88H,ARG,ArgLys,88,92,GLU,0.463,13.23,4.42,1.0,0.0,6.68,90.6,5.82,6.5,1.6,1.31,2.11,1.37,-0.51,2.1100000000000003,3.1999999999999886,0.4200000000000017,-9.79,-11.01,-1.22,-0.1123,5.38,-1,0,1,1,0,0,1,0,0
R4_02,A112H,ALA,neutral,112,116,GLU,0.42,10.63,6.39,0.25,0.0,6.47,76.5,4.96,4.53,1.35,2.16,-1.18,1.63,,,1.509999999999991,1.4200000000000017,-7.62,-9.06,-1.44,-0.0768,4.95,0,0,0,0,0,0,0,0,0
R4_02,A92H,ALA,neutral,92,96,GLU,0.439,15.22,6.76,0.0,0.0,6.15,51.2,5.62,4.98,0.5,2.72,-1.52,1.43,,,-0.01999999999998181,1.1099999999999994,-7.85,-9.08,-1.24,-0.077,4.96,0,0,0,0,0,0,0,0,0
R4_02,E105H,GLU,acidic,105,103,ASP,0.496,20.18,3.81,0.0,0.0,6.46,75.7,5.8,5.8,0.35,1.65,-1.79,1.05,1.06,-0.7100000000000001,2.5400000000000205,0.6000000000000014,-6.65,-8.03,-1.39,-0.0681,4.95,1,0,0,0,0,0,0,0,0
R4_02,E28H,GLU,acidic,28,32,GLU,0.369,16.3,4.7,0.0,0.0,6.3,63.0,7.61,7.12,0.81,1.67,1.66,1.4,-0.61,1.42,2.5500000000000114,0.0799999999999983,-6.81,-8.12,-1.3,-0.0688,4.95,1,0,0,0,0,0,1,0,0
R4_02,E32H,GLU,acidic,32,54,GLU,0.477,18.15,6.35,1.0,1.0,7.05,99.8,7.0,7.11,-0.47,3.39,-2.13,0.89,1.39,-1.8599999999999999,1.4599999999999795,2.1700000000000017,-6.41,-7.92,-1.5,-0.0671,4.9,1,0,0,1,0,0,0,0,0
R4_02,E99H,GLU,acidic,99,96,GLU,0.53,19.81,7.24,0.0,0.0,6.28,61.4,8.48,8.53,1.19,2.23,0.81,1.06,-0.48,1.67,0.9599999999999795,-0.17999999999999972,-6.81,-8.07,-1.26,-0.0684,5.0,1,0,0,0,0,0,1,0,0
R4_02,K31H,LYS,ArgLys,31,28,GLU,0.402,17.69,4.96,0.75,0.0,6.5,78.7,9.3,9.31,2.86,1.16,-0.16,1.26,0.44,2.42,-0.2699999999999818,0.6700000000000017,-8.67,-10.07,-1.4,-0.0853,5.01,-1,0,0,1,0,1,0,0,0
R4_02,T2H,THR,neutral,2,5,GLU,0.394,12.2,4.27,0.0,0.0,6.22,56.7,6.26,6.26,5.34,3.95,0.26,1.17,-1.61,6.95,1.8899999999999864,0.5399999999999991,-7.84,-9.08,-1.24,-0.077,4.86,0,0,0,0,0,0,1,0,0
R4_03,E114H,GLU,acidic,114,112,ASP,0.503,18.22,3.87,0.0,0.0,6.49,78.0,6.33,6.34,0.84,1.06,2.17,0.73,0.34,0.49999999999999994,0.75,-0.7999999999999972,-10.75,-12.0,-1.25,-0.0945,5.67,1,0,0,0,0,0,1,0,0
R4_03,E118H,GLU,acidic,118,114,GLU,0.415,17.05,7.19,0.38,0.0,7.32,90.6,4.86,5.15,-0.59,1.95,1.01,1.06,0.77,-1.3599999999999999,4.730000000000018,-0.3299999999999983,-10.37,-11.7,-1.33,-0.0921,5.66,1,0,0,1,0,0,1,0,0
R4_03,E121H,GLU,acidic,121,125,GLU,0.38,18.62,4.75,0.12,0.0,5.89,33.3,6.79,6.81,-2.67,1.88,-0.5,1.53,1.91,-4.58,5.340000000000032,0.15000000000000568,-11.03,-12.06,-1.03,-0.095,5.67,1,0,0,0,0,0,0,0,0
R4_03,E125H,GLU,acidic,125,121,GLU,0.628,17.75,7.08,1.0,0.12,7.14,98.1,3.42,3.8,-0.9,1.43,-0.02,1.05,-1.84,0.9400000000000001,0.410000000000025,1.8000000000000043,-10.47,-11.78,-1.32,-0.0928,5.58,1,0,0,1,1,0,0,0,0
R4_03,E40H,GLU,acidic,40,38,GLU,0.65,16.91,6.17,0.0,0.0,6.38,69.5,6.99,7.03,-4.14,1.67,0.44,1.24,0.79,-4.93,5.800000000000011,-0.0899999999999963,-10.82,-11.97,-1.15,-0.0942,5.73,1,0,0,0,0,0,1,0,0
R4_03,E47H,GLU,acidic,47,51,GLU,0.422,12.87,4.46,1.0,0.0,7.17,97.2,6.98,6.8,-1.87,1.51,0.32,1.65,-0.88,-0.9900000000000001,3.9600000000000364,1.1500000000000057,-10.38,-11.76,-1.38,-0.0926,5.7,1,0,1,1,0,0,1,0,0
R4_03,E4H,GLU,acidic,4,1,GLU,0.478,17.96,6.03,0.0,0.0,6.28,61.4,5.41,5.49,0.97,1.21,0.83,1.16,-1.97,2.94,3.840000000000032,1.0600000000000023,-10.85,-12.11,-1.26,-0.0954,5.71,1,0,0,0,0,0,1,0,0
R4_03,K115H,LYS,ArgLys,115,112,ASP,0.374,13.36,3.47,1.0,1.0,7.37,87.7,2.53,2.56,3.07,2.08,0.9,0.92,0.49,2.58,1.170000000000016,0.1700000000000017,-12.33,-13.65,-1.32,-0.1075,5.68,-1,0,0,1,1,0,1,0,0
R4_03,K124H,LYS,ArgLys,124,121,GLU,0.446,17.68,5.04,0.0,0.0,6.39,70.3,8.87,8.08,0.21,1.52,-1.97,1.06,-1.1,1.31,0.5500000000000114,3.010000000000005,-12.79,-14.01,-1.22,-0.1103,5.68,-1,0,0,0,0,0,0,0,0
R4_03,R117H,ARG,ArgLys,117,121,GLU,0.437,16.71,6.09,0.75,0.0,6.86,98.1,3.19,3.62,3.28,1.9,-1.0,1.18,0.17,3.11,0.08000000000004093,-0.769999999999996,-12.54,-13.88,-1.35,-0.1093,5.69,-1,0,0,1,1,0,0,0,0
R4_03,R11H,ARG,ArgLys,11,8,GLU,0.368,15.39,4.18,0.0,0.0,6.08,46.0,5.28,5.55,1.13,1.27,1.53,1.17,-0.66,1.79,0.12999999999999545,-0.12999999999999545,-12.97,-14.03,-1.06,-0.1105,5.67,-1,0,0,0,0,0,1,0,0
R4_03,R44H,ARG,ArgLys,44,47,GLU,0.379,15.21,4.81,1.0,0.0,6.55,82.4,3.1,4.76,-1.03,1.63,1.63,0.97,-2.12,1.09,1.7800000000000296,-0.8099999999999952,-12.7,-13.97,-1.28,-0.11,5.68,-1,0,1,1,1,0,1,0,0
R4_03,Y39H,TYR,neutral,39,43,GLU,0.433,11.76,6.32,0.25,0.0,6.01,41.0,6.06,5.67,-4.01,2.99,1.62,1.5,-0.04,-3.9699999999999998,3.2200000000000273,1.5300000000000011,-11.97,-13.05,-1.08,-0.1027,5.61,0,0,0,0,0,0,1,0,0
R4_04,E31H,GLU,acidic,31,34,GLU,0.486,19.32,5.88,0.0,0.0,6.17,52.7,5.25,5.23,-0.81,1.27,3.81,1.43,0.35,-1.1600000000000001,-1.910000000000025,0.4000000000000057,-1.0,-1.96,-0.96,-0.0208,4.88,1,0,0,0,0,0,1,0,0
R4_04,K11H,LYS,ArgLys,11,8,GLU,0.506,10.16,4.85,1.0,0.0,7.01,100.0,8.21,7.58,0.19,1.4,5.7,1.36,-0.61,0.8,-4.2900000000000205,-1.5,-2.53,-3.75,-1.22,-0.0399,4.72,-1,0,1,1,0,0,1,0,0
R4_04,K15H,LYS,ArgLys,15,19,GLU,0.627,12.66,7.26,1.0,0.0,7.06,99.7,10.97,10.54,2.25,1.07,4.33,1.24,2.63,-0.3799999999999999,-4.3799999999999955,-0.6099999999999994,-2.53,-3.73,-1.21,-0.0397,4.88,-1,0,1,1,0,0,1,0,0
R4_04,K25H,LYS,ArgLys,25,22,GLU,0.426,11.99,4.7,1.0,0.0,7.45,82.4,7.78,7.81,3.24,1.3,4.74,1.56,-0.21,3.45,-6.439999999999998,-0.12999999999999545,-2.41,-3.52,-1.11,-0.0375,4.76,-1,0,1,1,0,1,1,0,0
R4_04,K38H,LYS,ArgLys,38,41,GLU,0.533,13.5,4.61,1.0,0.5,7.15,97.8,3.83,4.4,2.52,1.01,6.78,1.41,0.79,1.73,-7.350000000000023,-0.259999999999998,-2.49,-3.68,-1.2,-0.0392,4.75,-1,0,0,1,1,1,1,0,1
R4_05,E47H,GLU,acidic,47,51,GLU,0.544,14.59,5.45,1.0,0.0,6.68,90.6,3.22,8.55,3.11,1.19,1.51,1.64,1.66,1.45,0.9399999999999977,0.9799999999999969,-5.02,-6.68,-1.66,-0.0557,5.17,1,0,1,1,1,1,1,1,1
R4_05,E48H,GLU,acidic,48,51,GLU,0.527,11.02,5.81,0.0,0.0,6.33,65.5,4.76,4.72,4.94,1.41,1.52,0.99,1.89,3.0500000000000007,1.2900000000000205,-0.9699999999999989,-5.65,-7.01,-1.36,-0.0584,5.09,1,0,0,0,0,1,1,0,0
R4_05,E51H,GLU,acidic,51,55,GLU,0.528,11.98,4.97,1.0,0.0,6.71,92.2,7.47,7.04,2.19,1.27,4.82,0.76,2.2,-0.010000000000000231,0.7400000000000091,-2.5700000000000003,-5.43,-6.93,-1.5,-0.0578,5.15,1,0,1,1,0,0,1,0,0
R4_05,K111H,LYS,ArgLys,111,108,GLU,0.407,13.03,4.66,0.0,0.0,5.81,28.8,7.23,8.18,2.94,0.6,4.05,3.15,0.96,1.98,0.25,-1.9600000000000009,-7.92,-9.07,-1.15,-0.0756,5.25,-1,0,0,0,0,1,1,0,0
R4_05,K118H,LYS,ArgLys,118,115,GLU,0.534,16.26,4.84,1.0,0.0,7.12,98.6,7.87,7.8,2.7,1.54,2.1,0.69,2.1,0.6000000000000001,-0.589999999999975,-0.4100000000000037,-7.29,-8.79,-1.5,-0.0733,5.1,-1,0,1,1,0,0,1,0,0
R4_05,K119H,LYS,ArgLys,119,116,GLU,0.639,22.04,5.24,1.0,0.0,6.93,99.5,5.51,7.08,3.11,1.21,3.11,1.1,2.82,0.29000000000000004,0.07999999999998408,-1.0900000000000034,-7.42,-8.88,-1.46,-0.074,5.11,-1,0,1,1,0,1,1,0,0
R4_05,K30H,LYS,ArgLys,30,33,GLU,0.476,17.96,5.02,0.25,0.0,6.21,55.9,4.89,6.94,2.84,1.29,2.62,0.82,3.21,-0.3700000000000001,1.0500000000000114,-0.9100000000000037,-7.71,-9.02,-1.31,-0.0752,5.09,-1,0,0,0,0,0,1,0,0
R4_05,K34H,LYS,ArgLys,34,31,GLU,0.519,18.46,4.93,0.0,0.0,6.15,51.2,5.07,5.13,3.28,0.93,3.13,0.71,0.35,2.9299999999999997,1.1100000000000136,-1.4699999999999989,-7.74,-9.02,-1.29,-0.0752,5.13,-1,0,0,0,0,1,1,0,0
R4_05,K37H,LYS,ArgLys,37,41,GLU,0.664,18.9,4.85,0.75,0.0,7.22,95.4,6.25,6.29,3.32,1.51,3.06,0.93,1.69,1.63,1.1299999999999955,-1.0799999999999983,-6.79,-8.46,-1.67,-0.0705,5.14,-1,0,0,1,0,1,1,0,0
R4_05,R29H,ARG,ArgLys,29,33,GLU,0.392,14.44,5.16,0.0,0.0,6.25,59.0,3.96,3.99,0.11,0.93,3.49,1.38,0.92,-0.81,2.990000000000009,-2.259999999999998,-7.28,-8.76,-1.47,-0.073,5.09,-1,0,0,0,1,0,1,0,0
R4_06,A35H,ALA,neutral,35,106,GLU,0.401,12.42,7.49,0.0,0.0,6.19,54.3,6.91,8.82,16.38,8.89,1.47,1.15,,,-7.519999999999982,-0.730000000000004,-5.81,-7.75,-1.94,-0.0686,5.38,0,0,0,0,0,0,1,0,0
R4_06,D89H,ASP,acidic,89,94,GLU,0.644,18.7,7.11,0.0,0.0,5.95,37.0,6.29,6.44,16.01,7.72,0.72,1.21,-11.43,27.44,-2.7099999999999795,-0.5500000000000043,-4.94,-6.77,-1.83,-0.06,5.27,1,0,0,0,0,1,1,0,0
R4_06,E74H,GLU,acidic,74,77,GLU,0.504,14.66,5.85,0.0,0.0,6.42,72.6,8.9,8.84,-3.66,8.7,-1.73,0.93,-11.81,8.15,-3.670000000000016,1.7299999999999969,-4.58,-6.66,-2.08,-0.0589,5.46,1,0,0,0,0,0,0,0,0
R4_06,E77H,GLU,acidic,77,73,GLU,0.496,14.9,7.35,1.0,0.0,7.15,97.8,3.92,4.79,-3.01,7.9,0.92,0.9,3.65,-6.66,0.37000000000000455,-0.5500000000000043,-3.87,-6.14,-2.26,-0.0543,5.43,1,0,1,1,1,0,1,0,0
R4_06,E86H,GLU,acidic,86,82,GLU,0.389,18.66,7.4,0.62,0.0,6.99,100.0,5.63,5.48,2.91,1.75,-0.53,0.87,-0.36,3.27,-22.78000000000003,-0.7100000000000009,-4.1,-6.28,-2.18,-0.0556,5.51,1,0,0,1,0,0,0,0,0
R4_06,E92H,GLU,acidic,92,96,GLU,0.629,15.1,6.04,0.12,0.0,6.81,96.6,2.76,2.91,-5.01,9.48,-1.37,0.73,-7.63,2.62,11.480000000000018,0.8299999999999983,-4.07,-6.29,-2.23,-0.0557,5.12,1,0,0,1,1,0,0,0,0
R4_06,E93H,GLU,acidic,93,96,GLU,0.375,11.67,5.8,0.0,0.0,6.43,73.4,4.95,4.83,4.86,7.3,-1.3,0.96,18.19,-13.330000000000002,10.629999999999995,0.12999999999999545,-4.55,-6.63,-2.08,-0.0587,5.1,1,0,0,0,0,0,0,0,0
R4_06,R78H,ARG,ArgLys,78,82,GLU,0.375,15.01,5.04,0.12,0.0,6.36,67.9,4.77,5.05,8.74,7.67,-0.49,1.03,0.11,8.63,1.0500000000000114,-0.740000000000002,-6.31,-8.46,-2.16,-0.0749,5.79,-1,0,0,0,0,0,0,0,0
R4_06,S91H,SER,neutral,91,94,GLU,0.436,14.94,3.87,0.0,0.0,6.61,86.4,5.93,5.9,12.6,8.13,-1.43,1.1,2.26,10.34,0.20999999999997954,1.509999999999998,-5.54,-7.64,-2.11,-0.0676,5.51,0,0,0,1,0,0,0,0,0
R4_07,E35H,GLU,acidic,35,39,GLU,0.517,20.83,7.39,0.0,0.0,6.23,57.4,7.81,7.75,3.52,1.36,-0.21,0.76,1.4,2.12,3.3100000000000023,0.5599999999999952,-6.97,-8.08,-1.11,-0.0685,4.99,1,0,0,0,0,1,0,0,0
R4_07,E39H,GLU,acidic,39,43,GLU,0.399,21.15,5.14,1.0,0.0,6.77,95.0,2.56,3.02,3.86,0.94,0.19,0.68,2.1,1.7599999999999998,1.6299999999999955,-0.37000000000000455,-6.68,-7.96,-1.28,-0.0675,5.01,1,0,1,1,1,1,1,1,1
R4_07,E43H,GLU,acidic,43,39,GLU,0.58,21.05,7.37,0.62,0.0,7.07,99.5,2.78,4.01,5.75,1.34,-0.17,0.59,3.97,1.7799999999999998,1.240000000000009,0.21000000000000085,-6.46,-7.83,-1.37,-0.0664,5.0,1,0,0,1,1,1,0,0,0
R4_07,E47H,GLU,acidic,47,49,GLU,0.623,17.71,7.12,0.0,0.0,6.11,48.2,10.57,10.55,2.81,1.7,0.29,0.48,-1.38,4.1899999999999995,4.649999999999977,-0.6600000000000037,-7.05,-8.14,-1.09,-0.069,5.01,1,0,0,0,0,0,1,0,0
R4_07,E49H,GLU,acidic,49,51,GLU,0.36,17.3,3.74,0.0,0.0,6.36,67.9,6.25,6.24,0.12,1.12,-0.55,0.36,-0.17,0.29000000000000004,3.4499999999999886,0.4099999999999966,-6.83,-8.06,-1.23,-0.0683,5.01,1,0,0,0,0,0,0,0,0
R4_07,E51H,GLU,acidic,51,54,GLU,0.433,13.72,4.75,0.38,0.0,6.57,83.7,6.28,6.1,-1.48,1.03,-0.59,0.4,3.06,-4.54,5.389999999999986,0.5599999999999952,-6.71,-8.0,-1.28,-0.0678,4.99,1,0,0,1,0,0,0,0,0
R4_07,E81H,GLU,acidic,81,85,GLU,0.534,11.39,5.16,1.0,0.0,6.71,92.2,3.96,4.66,-0.2,2.31,-0.59,0.71,1.04,-1.24,5.0400000000000205,0.01999999999999602,-6.65,-7.96,-1.31,-0.0674,4.99,1,0,1,1,1,0,0,0,0
R4_07,R11H,ARG,ArgLys,11,49,GLU,0.532,12.11,6.18,0.0,0.0,6.87,98.4,3.14,3.29,2.72,1.96,-0.41,0.49,-0.93,3.6500000000000004,2.740000000000009,0.3200000000000003,-8.61,-9.94,-1.33,-0.0842,5.0,-1,0,0,1,1,0,0,0,0
R4_07,R24H,ARG,ArgLys,24,28,GLU,0.434,11.27,5.03,0.0,0.0,5.92,35.2,4.53,4.53,0.19,0.74,-0.37,0.61,5.16,-4.97,-0.4900000000000091,0.269999999999996,-9.11,-10.12,-1.01,-0.0857,5.01,-1,0,0,0,0,0,0,0,0
R4_07,R29H,ARG,ArgLys,29,36,GLU,0.427,16.56,6.41,1.0,0.0,7.11,98.8,6.05,6.51,-0.84,1.62,0.11,0.33,-1.44,0.6,3.240000000000009,-0.46000000000000085,-8.51,-9.85,-1.34,-0.0835,5.01,-1,0,1,1,0,0,1,0,0
R4_07,R31H,ARG,ArgLys,31,36,GLU,0.611,16.74,5.82,0.0,0.0,6.33,65.5,3.87,3.86,1.86,1.48,0.37,0.55,3.0,-1.14,1.1200000000000045,-0.8300000000000054,-8.84,-10.04,-1.2,-0.0851,5.0,-1,0,0,0,1,0,1,0,0
R4_07,R42H,ARG,ArgLys,42,47,GLU,0.576,20.04,5.07,0.12,0.0,6.41,71.8,8.0,7.98,0.15,0.81,-0.37,0.23,1.86,-1.7100000000000002,3.8600000000000136,-0.20000000000000284,-8.78,-10.04,-1.26,-0.0851,5.0,-1,0,0,0,0,0,0,0,0
R4_07,R50H,ARG,ArgLys,50,54,GLU,0.394,17.15,5.2,0.0,0.0,6.48,77.3,4.23,4.23,2.88,0.52,-0.97,0.61,0.45,2.4299999999999997,2.6499999999999773,0.4199999999999946,-8.74,-10.03,-1.29,-0.085,5.0,-1,0,0,0,0,1,0,0,0
R4_07,R7H,ARG,ArgLys,7,4,GLU,0.518,11.74,4.41,0.0,0.0,6.28,61.4,8.75,8.77,-0.46,1.33,-0.56,0.62,0.94,-1.4,3.019999999999982,0.4299999999999997,-8.85,-10.03,-1.17,-0.085,5.0,-1,0,0,0,0,0,0,0,0
