name,submission_rank,local_id,design_round,cand_id,binder_length,n_titratable,propka_q_pH65_free,propka_q_pH74_free,propka_dq_free,propka_ncpr_pH65_free,propka_ncpr_pH74_free,propka_q_pH65_complex,propka_q_pH74_complex,n_his,best_his_num,best_his_pka_complex,best_his_pct_ceiling_complex,n_his_in_window_complex,his_dq_total_complex,ceiling_per_site,acids_n,acids_median_pka,acids_n_above_5p5
pHsel-01,1,R3_01,3,cys_R3_01_000,110,49,-10.81,-11.98,-1.17,-0.0983,-0.1089,-10.94,-11.98,2,55,6.59,87.7,1,0.604,0.4762,27,4.51,0
pHsel-02,2,R4_03,4,cys_R4_03_002,127,58,-8.14,-8.97,-0.83,-0.0641,-0.0706,-7.95,-8.9,1,71,6.58,87.0,1,0.414,0.4762,30,4.46,2
pHsel-03,3,R5_02,5,r5_shard12_nf409_t2_a436_r056_L5_10_model_16_s5,129,53,-11.03,-12.1,-1.07,-0.0855,-0.0938,-10.43,-11.75,1,54,7.21,93.3,1,0.444,0.4762,31,4.65,1
pHsel-04,4,R4_04,4,,94,37,-4.21,-4.93,-0.72,-0.0448,-0.0525,-3.96,-4.75,2,55,6.99,99.8,1,0.482,0.4762,20,4.22,0
pHsel-05,5,R5_03,5,r5_shard18_nf409_t2_a436_r040_L5_0_model_7_s3,97,36,-6.3,-7.14,-0.84,-0.0649,-0.0736,-5.97,-7.13,2,45,7.33,86.4,1,0.425,0.4762,20,4.44,0
pHsel-06,6,R5_04,5,r5_shard19_nf409_t2_a436_r042_L5_5_model_5_s1,98,38,-6.07,-7.0,-0.93,-0.062,-0.0714,-5.68,-6.56,1,41,7.62,64.1,1,0.305,0.4762,22,4.3,1
pHsel-07,7,R5_05,5,cys_R5_05_004,126,46,-7.19,-8.09,-0.9,-0.0571,-0.0642,-6.75,-7.71,2,59,7.33,86.4,1,0.578,0.4762,26,4.4,0
pHsel-08,8,R5_08,5,cys_R5_08_034,117,50,-8.32,-9.13,-0.81,-0.0711,-0.078,-7.97,-9.15,1,67,7.26,90.7,1,0.432,0.4762,27,4.59,0
pHsel-09,9,R5_07,5,cys_R5_07_029,110,48,-8.23,-8.98,-0.75,-0.0748,-0.0816,-7.86,-8.63,1,61,7.33,86.4,1,0.411,0.4762,26,4.36,0
pHsel-10,10,R4_07,4,cys_R4_07_028,118,54,-6.96,-8.03,-1.07,-0.059,-0.068,-6.23,-7.38,2,67,7.8,49.8,0,0.442,0.4762,29,4.34,1
pHsel-11,11,R5_06,5,r5_shard01_nf409_t2_a436_r042_L5_4_model_10_s6,101,45,-8.24,-9.14,-0.9,-0.0816,-0.0905,-7.65,-8.72,2,50,7.38,83.0,1,0.396,0.4762,25,4.12,1
pHsel-12,12,R3_07,3,,104,37,-5.03,-5.87,-0.84,-0.0483,-0.0565,-3.91,-4.94,1,38,7.34,85.7,1,0.408,0.4762,21,4.35,0
pHsel-13,13,R3_05,3,,124,37,-6.82,-7.71,-0.89,-0.055,-0.0622,-7.3,-8.48,1,63,6.52,83.0,1,0.395,0.4762,21,4.39,1
pHsel-14,14,R5_09,5,r5_shard16_nf409_t2_a436_r069_L5_7_model_17_s7,130,58,-6.85,-8.65,-1.8,-0.0527,-0.0666,-6.25,-7.9,4,118,7.25,91.2,2,0.918,0.4762,30,4.41,0
pHsel-15,15,R3_04,3,cys_R3_04_036,99,35,-6.43,-7.28,-0.85,-0.065,-0.0736,-5.88,-7.1,1,55,6.83,98.5,1,0.469,0.4762,20,4.62,0
pHsel-16,16,R3_03,3,,124,48,-5.76,-6.8,-1.04,-0.0464,-0.0548,-5.82,-6.74,1,63,8.13,28.2,0,0.134,0.4762,25,4.55,2
pHsel-17,17,R5_10,5,r5_shard25_nf409_t2_a436_r069_L5_6_model_5_s6,140,67,-9.12,-10.09,-0.97,-0.0651,-0.0721,-8.46,-9.82,1,67,6.05,46.0,0,0.219,0.4762,33,4.49,0
pHsel-18,18,R3_06,3,,60,27,-3.72,-4.65,-0.93,-0.062,-0.0774,-3.47,-4.57,2,20,6.94,100.0,2,0.937,0.4762,15,4.32,0
pHsel-19,19,R3_02,3,cys_R3_02_018,134,38,-8.51,-9.22,-0.71,-0.0635,-0.0688,-8.04,-9.13,1,69,7.49,74.7,1,0.356,0.4762,22,4.06,0
pHsel-20,20,R4_05,4,cys_R4_05_021,120,53,-6.05,-7.01,-0.96,-0.0504,-0.0584,-6.25,-7.19,2,61,5.72,25.6,0,0.235,0.4762,29,4.45,0
pHsel-21,21,R4_02,4,,118,48,-7.31,-8.08,-0.77,-0.0619,-0.0685,-6.78,-8.01,2,64,6.23,60.1,1,0.369,0.4762,26,4.54,0
pHsel-22,22,R4_01,4,,98,43,-8.6,-9.12,-0.52,-0.0877,-0.093,-8.49,-9.57,1,55,6.46,78.5,1,0.374,0.4762,25,4.48,0
pHsel-23,23,R4_06,4,,113,38,-5.39,-6.89,-1.5,-0.0477,-0.061,-5.15,-6.67,3,55,7.26,90.7,3,1.027,0.4762,20,4.37,0
