name,local_id,state,his_num,pka,model_pka,f_prot_pH65,f_prot_pH74,delta_f,pct_of_ceiling,verdict
pHsel-01,R3_01,free,55,6.38,6.5,0.431,0.087,0.344,72.3,under-shifted (stays neutral)
pHsel-01,R3_01,free,73,6.36,6.5,0.42,0.084,0.337,70.7,under-shifted (stays neutral)
pHsel-01,R3_01,complex,55,6.59,6.5,0.552,0.134,0.418,87.7,IN WINDOW
pHsel-01,R3_01,complex,73,5.95,6.5,0.22,0.034,0.186,39.0,under-shifted (stays neutral)
pHsel-02,R4_03,free,71,6.26,6.5,0.365,0.068,0.298,62.5,under-shifted (stays neutral)
pHsel-02,R4_03,complex,71,6.58,6.5,0.546,0.131,0.414,87.0,IN WINDOW
pHsel-03,R5_02,free,54,6.28,6.5,0.376,0.071,0.305,64.1,under-shifted (stays neutral)
pHsel-03,R5_02,complex,54,7.21,6.5,0.837,0.392,0.444,93.3,IN WINDOW
pHsel-04,R4_04,free,55,5.96,6.5,0.224,0.035,0.189,39.6,under-shifted (stays neutral)
pHsel-04,R4_04,free,70,6.37,6.5,0.426,0.085,0.34,71.5,under-shifted (stays neutral)
pHsel-04,R4_04,complex,55,6.99,6.5,0.756,0.28,0.475,99.8,IN WINDOW
pHsel-04,R4_04,complex,70,4.41,6.5,0.008,0.001,0.007,1.5,under-shifted (stays neutral)
pHsel-05,R5_03,free,34,5.3,6.5,0.059,0.008,0.051,10.8,under-shifted (stays neutral)
pHsel-05,R5_03,free,45,6.33,6.5,0.403,0.078,0.325,68.2,under-shifted (stays neutral)
pHsel-05,R5_03,complex,34,4.7,6.5,0.016,0.002,0.014,2.9,under-shifted (stays neutral)
pHsel-05,R5_03,complex,45,7.33,6.5,0.871,0.46,0.411,86.4,IN WINDOW
pHsel-06,R5_04,free,41,6.82,6.5,0.676,0.208,0.468,98.3,IN WINDOW
pHsel-06,R5_04,complex,41,7.62,6.5,0.929,0.624,0.305,64.1,over-shifted (stays protonated)
pHsel-07,R5_05,free,37,6.15,6.5,0.309,0.053,0.256,53.7,under-shifted (stays neutral)
pHsel-07,R5_05,free,59,6.1,6.5,0.285,0.048,0.237,49.8,under-shifted (stays neutral)
pHsel-07,R5_05,complex,37,5.89,6.5,0.197,0.03,0.167,35.1,under-shifted (stays neutral)
pHsel-07,R5_05,complex,59,7.33,6.5,0.871,0.46,0.411,86.4,IN WINDOW
pHsel-08,R5_08,free,67,6.27,6.5,0.371,0.069,0.302,63.3,under-shifted (stays neutral)
pHsel-08,R5_08,complex,67,7.26,6.5,0.852,0.42,0.432,90.7,IN WINDOW
pHsel-09,R5_07,free,61,6.52,6.5,0.512,0.116,0.395,83.0,IN WINDOW
pHsel-09,R5_07,complex,61,7.33,6.5,0.871,0.46,0.411,86.4,IN WINDOW
pHsel-10,R4_07,free,8,6.09,6.5,0.28,0.047,0.233,49.0,under-shifted (stays neutral)
pHsel-10,R4_07,free,67,6.47,6.5,0.483,0.105,0.378,79.3,under-shifted (stays neutral)
pHsel-10,R4_07,complex,8,6.01,6.5,0.244,0.039,0.205,43.1,under-shifted (stays neutral)
pHsel-10,R4_07,complex,67,7.8,6.5,0.952,0.715,0.237,49.8,over-shifted (stays protonated)
pHsel-11,R5_06,free,16,4.7,6.5,0.016,0.002,0.014,2.9,under-shifted (stays neutral)
pHsel-11,R5_06,free,50,6.31,6.5,0.392,0.075,0.317,66.6,under-shifted (stays neutral)
pHsel-11,R5_06,complex,16,3.51,6.5,0.001,0.0,0.001,0.2,under-shifted (stays neutral)
pHsel-11,R5_06,complex,50,7.38,6.5,0.884,0.488,0.395,83.0,IN WINDOW
pHsel-12,R3_07,free,38,7.23,6.5,0.843,0.403,0.44,92.3,IN WINDOW
pHsel-12,R3_07,complex,38,7.34,6.5,0.874,0.466,0.408,85.7,IN WINDOW
pHsel-13,R3_05,free,63,7.16,6.5,0.82,0.365,0.455,95.6,IN WINDOW
pHsel-13,R3_05,complex,63,6.52,6.5,0.512,0.116,0.395,83.0,IN WINDOW
pHsel-14,R5_09,free,26,5.5,6.5,0.091,0.012,0.078,16.5,under-shifted (stays neutral)
pHsel-14,R5_09,free,27,6.95,6.5,0.738,0.262,0.476,100.0,IN WINDOW
pHsel-14,R5_09,free,69,7.05,6.5,0.78,0.309,0.471,99.0,IN WINDOW
pHsel-14,R5_09,free,118,6.22,6.5,0.344,0.062,0.282,59.3,under-shifted (stays neutral)
pHsel-14,R5_09,complex,26,2.31,6.5,0.0,0.0,0.0,0.0,under-shifted (stays neutral)
pHsel-14,R5_09,complex,27,6.42,6.5,0.454,0.095,0.359,75.4,under-shifted (stays neutral)
pHsel-14,R5_09,complex,69,8.17,6.5,0.979,0.855,0.124,26.1,over-shifted (stays protonated)
pHsel-14,R5_09,complex,118,7.25,6.5,0.849,0.415,0.435,91.2,IN WINDOW
pHsel-15,R3_04,free,55,6.1,6.5,0.285,0.048,0.237,49.8,under-shifted (stays neutral)
pHsel-15,R3_04,complex,55,6.83,6.5,0.681,0.212,0.469,98.5,IN WINDOW
pHsel-16,R3_03,free,63,7.2,6.5,0.834,0.387,0.447,93.8,IN WINDOW
pHsel-16,R3_03,complex,63,8.13,6.5,0.977,0.843,0.134,28.2,over-shifted (stays protonated)
pHsel-17,R5_10,free,67,6.45,6.5,0.471,0.101,0.37,77.8,under-shifted (stays neutral)
pHsel-17,R5_10,complex,67,6.05,6.5,0.262,0.043,0.219,46.0,under-shifted (stays neutral)
pHsel-18,R3_06,free,20,7.02,6.5,0.768,0.294,0.474,99.5,IN WINDOW
pHsel-18,R3_06,free,24,6.36,6.5,0.42,0.084,0.337,70.7,under-shifted (stays neutral)
pHsel-18,R3_06,complex,20,6.94,6.5,0.734,0.257,0.476,100.0,IN WINDOW
pHsel-18,R3_06,complex,24,6.77,6.5,0.651,0.19,0.461,96.7,IN WINDOW
pHsel-19,R3_02,free,69,6.18,6.5,0.324,0.057,0.267,56.0,under-shifted (stays neutral)
pHsel-19,R3_02,complex,69,7.49,6.5,0.907,0.552,0.356,74.7,over-shifted (stays protonated)
pHsel-20,R4_05,free,61,5.93,6.5,0.212,0.033,0.179,37.7,under-shifted (stays neutral)
pHsel-20,R4_05,free,67,6.39,6.5,0.437,0.089,0.348,73.1,under-shifted (stays neutral)
pHsel-20,R4_05,complex,61,5.72,6.5,0.142,0.02,0.122,25.6,under-shifted (stays neutral)
pHsel-20,R4_05,complex,67,5.68,6.5,0.131,0.019,0.113,23.7,under-shifted (stays neutral)
pHsel-21,R4_02,free,64,5.93,6.5,0.212,0.033,0.179,37.7,under-shifted (stays neutral)
pHsel-21,R4_02,free,85,5.89,6.5,0.197,0.03,0.167,35.1,under-shifted (stays neutral)
pHsel-21,R4_02,complex,64,6.23,6.5,0.349,0.063,0.286,60.1,under-shifted (stays neutral)
pHsel-21,R4_02,complex,85,5.53,6.5,0.097,0.013,0.083,17.5,under-shifted (stays neutral)
pHsel-22,R4_01,free,55,5.88,6.5,0.193,0.029,0.164,34.5,under-shifted (stays neutral)
pHsel-22,R4_01,complex,55,6.46,6.5,0.477,0.103,0.374,78.5,under-shifted (stays neutral)
pHsel-23,R4_06,free,33,6.75,6.5,0.64,0.183,0.457,96.0,IN WINDOW
pHsel-23,R4_06,free,55,6.4,6.5,0.443,0.091,0.352,73.9,under-shifted (stays neutral)
pHsel-23,R4_06,free,87,6.22,6.5,0.344,0.062,0.282,59.3,under-shifted (stays neutral)
pHsel-23,R4_06,complex,33,6.3,6.5,0.387,0.074,0.313,65.8,under-shifted (stays neutral)
pHsel-23,R4_06,complex,55,7.26,6.5,0.852,0.42,0.432,90.7,IN WINDOW
pHsel-23,R4_06,complex,87,6.22,6.5,0.344,0.062,0.282,59.3,under-shifted (stays neutral)
