tag,variant,n_mut,effective,null_substitution,structurally_broken,dG_bind_lo,dG_bind_lo_sem,E_mono_lo,E_mono_lo_sem,net_charge_lo,prot_lo,dG_bind_hi,dG_bind_hi_sem,E_mono_hi,E_mono_hi_sem,net_charge_hi,prot_hi,dE_mono,ddG_bind,d_net_charge,submitted,exclusion_reason,disposition,disposition_reason,superseded_by_cys_free_redesign
r5_shard00_nf409_t2_a436_r040_L5_7_model_12_s0,parent,0,none,0,0,-39.89,0.7,-343.74,1.06,-9.12,A24=0.00;A36=0.62;A49=1.00;A84=0.75;A99=0.50;B61=1.00,-38.35,0.16,-343.93,0.68,-10.0,A24=0.00;A36=0.62;A49=0.00;A84=0.12;A99=0.00;B61=1.00,-0.19,1.54,-0.88,1,,sequence_superseded,its cysteine-free redesign is shipped instead,0
r5_shard01_nf409_t2_a436_r042_L5_4_model_10_s6,parent,0,none,0,0,-49.48,1.42,-321.62,1.07,-8.88,A24=0.00;A36=1.00;A49=1.00;A84=0.75;A99=1.00;B16=0.88;B50=1.00,-46.36,1.41,-321.61,0.45,-10.0,A24=0.00;A36=0.00;A49=0.00;A84=0.62;A99=1.00;B16=0.38;B50=1.00,0.01,3.12,-1.12,1,,shipped_as_designed,,0
r5_shard12_nf409_t2_a436_r056_L5_10_model_16_s5,parent,0,none,0,0,-47.63,0.42,-406.52,0.91,-13.0,A24=0.00;A36=0.00;A49=1.00;A84=1.00;A99=0.25;B54=1.00,-45.84,0.47,-406.38,1.28,-13.0,A24=0.00;A36=0.00;A49=0.00;A84=0.62;A99=0.00;B54=0.62,0.14,1.79,0.0,1,,shipped_as_designed,,0
r5_shard16_nf409_t2_a436_r069_L5_3_model_14_s6,parent,0,none,0,0,-32.52,0.98,-359.95,0.46,-7.0,A24=0.12;A36=0.00;A49=1.00;A84=0.88;A99=1.00;B65=1.00,-29.56,1.04,-358.31,2.24,-8.0,A24=0.00;A36=0.00;A49=0.00;A84=0.38;A99=0.00;B65=1.00,1.64,2.96,-1.0,0,excluded: fails mouse ortholog (ipSAE 0.094),not_submitted,excluded: fails mouse ortholog (ipSAE 0.094),0
r5_shard16_nf409_t2_a436_r069_L5_7_model_17_s7,parent,0,none,0,0,-38.79,1.36,-437.16,2.48,-8.0,A24=0.00;A36=0.50;A49=1.00;A84=0.88;A99=0.75;B26=0.00;B27=0.62;B69=1.00;B118=0.00,-34.98,1.39,-437.83,3.16,-9.0,A24=0.00;A36=0.00;A49=0.00;A84=0.25;A99=0.25;B26=0.00;B27=0.38;B69=1.00;B118=0.00,-0.67,3.81,-1.0,1,,shipped_as_designed,,0
r5_shard19_nf409_t2_a436_r042_L5_5_model_5_s1,parent,0,none,0,0,-46.16,1.91,-305.23,2.55,-9.0,A24=0.00;A36=1.00;A49=1.00;A84=0.50;A99=0.00;B41=1.00,-45.69,1.67,-306.5,2.25,-9.0,A24=0.00;A36=0.00;A49=0.00;A84=0.50;A99=0.00;B41=1.00,-1.27,0.47,0.0,1,,shipped_as_designed,,0
r5_shard25_nf409_t2_a436_r069_L5_11_model_10_s5,parent,0,none,0,0,-32.09,0.26,-392.75,1.85,-7.0,A24=0.00;A36=0.00;A49=1.00;A84=1.00;A99=1.00;B37=1.00;B59=1.00,-29.76,0.49,-387.31,1.15,-9.0,A24=0.00;A36=0.00;A49=0.00;A84=0.75;A99=0.00;B37=0.00;B59=1.00,5.44,2.33,-2.0,1,,sequence_superseded,its cysteine-free redesign is shipped instead,0
r5_shard25_nf409_t2_a436_r069_L5_6_model_5_s6,parent,0,none,0,0,-60.37,0.3,-437.93,1.68,-10.0,A24=0.00;A36=0.75;A49=1.00;A84=0.62;A99=0.00;B67=1.00,-59.18,0.88,-437.85,1.65,-11.0,A24=0.00;A36=0.00;A49=0.00;A84=0.12;A99=0.00;B67=1.00,0.08,1.19,-1.0,1,,shipped_as_designed,,0
r5_shard06_nf409_t2_a436_r068_L5_0_model_2_s6,parent,0,none,0,0,-49.51,0.49,-626.56,2.63,-14.0,A24=0.00;A36=0.25;A49=1.00;A84=1.00;A99=1.00;B93=1.00,-49.0,0.26,-619.22,3.07,-15.0,A24=0.00;A36=0.00;A49=0.00;A84=0.38;A99=0.25;B93=1.00,7.34,0.51,-1.0,0,excluded: length 187aa outside the 60-134aa expression-validated band,not_submitted,excluded: length 187aa outside the 60-134aa expression-validated band,0
r5_shard18_nf409_t2_a436_r040_L5_0_model_7_s3,parent,0,none,0,0,-43.14,0.61,-308.18,1.18,-8.0,A24=0.00;A36=0.00;A49=1.00;A84=0.38;A99=1.00;B34=0.00;B45=1.00,-39.07,0.73,-308.0,1.21,-8.0,A24=0.00;A36=0.00;A49=0.00;A84=0.00;A99=1.00;B34=0.00;B45=0.00,0.18,4.07,0.0,1,,shipped_as_designed,,0
r5_shard24_nf409_t2_a436_r068_L5_10_model_14_s5,parent,0,none,0,0,-55.66,0.73,-362.52,0.9,-10.0,A24=0.00;A36=1.00;A49=1.00;A84=1.00;A99=1.00;B67=1.00,-50.41,1.24,-363.19,0.44,-10.0,A24=0.00;A36=0.75;A49=0.00;A84=0.50;A99=0.00;B67=0.00,-0.67,5.25,0.0,1,,sequence_superseded,its cysteine-free redesign is shipped instead,0
